imagename, numberplate_text
Cars0_png.rf.4a3e0c0917bfe9dd02fe225e5a057cde.jpg.jpg, no text detected or image has no text
Cars0_png.rf.b526f5831d0c2e85aae3e0831290808f.jpg.jpg, no text detected or image has no text
Cars100_png.rf.8ccd9a4d98d4ae097366902725d2c84b.jpg.jpg, no text detected or image has no text
Cars100_png.rf.cc789feecff047d653ca48ee302c5234.jpg.jpg, no text detected or image has no text
Cars104_png.rf.365223b50ad0efd9c50aaa93e9a3ef7d.jpg.jpg, no text detected or image has no text
Cars104_png.rf.bb954fdb7e393cbde4780c6c8e6bd334.jpg.jpg, CIGO LXB
Cars106_png.rf.74c81c1b336d38f15263825f8fefe8f0.jpg.jpg, no text detected or image has no text
Cars106_png.rf.e9b93a2efce690a465b3c6fdfdf0ea38.jpg.jpg, no text detected or image has no text
Cars107_png.rf.1204c06e6f9263282fdef2e922d1f8af.jpg.jpg, MH 20B0
Cars107_png.rf.f38cce6ea8fd07a9a16afed4acf03cba.jpg.jpg, MH20B0
Cars109_png.rf.228f1e6ebb2ac842cfa1e766e5463601.jpg.jpg, CZI7 Kod
Cars109_png.rf.99c870312a8d3b4d9470d9ae64058259.jpg.jpg, Czi7 Kod
Cars115_png.rf.71c748b022503d35828035be14645346.jpg.jpg, Ms66 YOE
Cars115_png.rf.fac77a8af52ee7f7add473bc20c0e9e5.jpg.jpg, Ms66 YOE
Cars119_png.rf.675db2add0253e3d6b7ef7db12fc02b0.jpg.jpg, no text detected or image has no text
Cars119_png.rf.ccc339bf1a9af8af5d4b19b718456374.jpg.jpg, no text detected or image has no text
Cars11_png.rf.3c3c0cccdd1b41b478596f5aaca0d9de.jpg.jpg, Mor 5i6k
Cars11_png.rf.eddc4ace0dcb4df1778d8301d040d1a7.jpg.jpg, Mor 516K
Cars120_png.rf.59146d00f2b982366dfd57ff82a21c91.jpg.jpg, B2228HM
Cars120_png.rf.d0757908616cc2baf75f8b95984ea9ba.jpg.jpg, B2228HM
Cars121_png.rf.192dca5718634e35d4ab369893dd0d95.jpg.jpg, no text detected or image has no text
Cars121_png.rf.827eba969e695daf0db21de37162dede.jpg.jpg, no text detected or image has no text
Cars122_png.rf.47182837cd89870a058d8e32e429e423.jpg.jpg, CANSD
Cars122_png.rf.e49c3ee8eace487291bf9a655f38198c.jpg.jpg, CENISA
Cars123_png.rf.4c20bc5075b1462f47c47b9545dbd0d7.jpg.jpg, IHR 26 BC 5514
Cars123_png.rf.ef53a6d0032348e7fa42cc4f7384aa1d.jpg.jpg, HR 26 BC 5514
Cars127_png.rf.19637e8f411c5ecf3853a1b2f396a85a.jpg.jpg, no text detected or image has no text
Cars127_png.rf.a4ed18ce72f0ac42297358b4d645900a.jpg.jpg, no text detected or image has no text
Cars129_png.rf.089b1aab6b92ff59536906b48f2bdb92.jpg.jpg, OPEC Loi|
Cars129_png.rf.bfd95c9187201c1b1cf8ef28cd9a8407.jpg.jpg, OPEC Loi|
Cars12_png.rf.15c6ba8fd0d7eaa2e41d9a87a3bf733c.jpg.jpg, EMH12967237
Cars12_png.rf.742b340a3686c610626ffa36379086f7.jpg.jpg, ~HH12867237
Cars130_png.rf.a1a05998736fd58bd37167945a982823.jpg.jpg, [HR 26 BR 9044
Cars130_png.rf.cdc08536b596b1f4b8f6bd0e32bbdf4d.jpg.jpg, HR 26 BR 90t4
Cars132_png.rf.a98d43165df2ab2e5c9f533b2c869ece.jpg.jpg, no text detected or image has no text
Cars132_png.rf.c2de5b8d6bcf3f0c6d38e26cd40768a7.jpg.jpg, no text detected or image has no text
Cars135_png.rf.396320ea86345c47a4ec817fe33a0e8b.jpg.jpg, 24232
Cars135_png.rf.651a24f385dabf97eb328ebd1742306b.jpg.jpg, 24232
Cars137_png.rf.88cc5b95fd660417edb1241a623706ce.jpg.jpg, no text detected or image has no text
Cars137_png.rf.f5ffd23eb665c668061817fccce7dfdf.jpg.jpg, no text detected or image has no text
Cars138_png.rf.1e32bd1cf27608c5b43edb57b1906ae8.jpg.jpg, TN 02 BL
Cars138_png.rf.715c6c51378fc7d250d6ea424da682e4.jpg.jpg, JAom
Cars139_png.rf.a91762129b01d8e3331083fe7eeedada.jpg.jpg, scount
Cars139_png.rf.ed1401eea2ad65f3eebbb51a3364f648.jpg.jpg, ~coui
Cars13_png.rf.b7b244389b51058a49ce32fb91487f7c.jpg.jpg, [u82I6
Cars13_png.rf.f273135b5ad1dd1e48f6692895122093.jpg.jpg, "Ovr2L6
Cars140_png.rf.2b1f65225fc43f7ecff1118458a695e2.jpg.jpg, no text detected or image has no text
Cars140_png.rf.8ea9f9b57b01e2385a3c6a63e86010d8.jpg.jpg, no text detected or image has no text
Cars141_png.rf.287f3d02acc02a010dc4c63e1bb1b5a4.jpg.jpg, no text detected or image has no text
Cars141_png.rf.b9e3c99f40ddfd02bf2a40b7a7babf27.jpg.jpg, no text detected or image has no text
Cars143_png.rf.3312686f7e0dfac48abab881ec12d689.jpg.jpg, peujsde
Cars143_png.rf.a1bdd9cbd6b2bf7b201124b0e5378079.jpg.jpg, Fan
Cars146_png.rf.3aae3fdd595418ceb64e492746e2e497.jpg.jpg, no text detected or image has no text
Cars146_png.rf.9c47dda8f9be38c1c6d29abdd28e9cbd.jpg.jpg, no text detected or image has no text
Cars149_png.rf.8cd2caf422dcb1fb6a389ff3387aa3d1.jpg.jpg, 70Ig26j
Cars149_png.rf.ef7550a982928d2d3e70afc90b8ea686.jpg.jpg, no text detected or image has no text
Cars14_png.rf.1f263b3008897badb33fbff1f39f4b36.jpg.jpg, ALR 486
Cars14_png.rf.aa5dd66b6079737531e932955c3547e3.jpg.jpg, ALR 486
Cars150_png.rf.747c668ac19189093111e7953b43b786.jpg.jpg, DL8CX 4850
Cars150_png.rf.87d0e5e8cb604868d83e92bd2f6c2ec5.jpg.jpg, DL8CX 4850
Cars151_png.rf.a7d6f724535140ea1bef9087c359b85f.jpg.jpg, Maqdim
Cars151_png.rf.c29c9582393feb4d494885594f85ccc9.jpg.jpg, LEL3c:DELen
Cars152_png.rf.94804b82b11502167a5f46a631052321.jpg.jpg, DL49 AK49
Cars152_png.rf.98db5fa177fc0cf11e2d251b74639335.jpg.jpg, DL49
Cars155_png.rf.27d98eb0a9f4e8bdaca6ce7b9e401913.jpg.jpg, CcB:025
Cars155_png.rf.db486abbc813d43343f7b7abf724891d.jpg.jpg, CCBA025
Cars156_png.rf.b9f07faf0115fdcd2bf39162e121a4db.jpg.jpg, PRIV
Cars156_png.rf.cba93db89a66f45e82fb5d33218dd70e.jpg.jpg, PRIV
Cars160_png.rf.0629a8776e27f4721001348e74ad2d1d.jpg.jpg, 9QPLATECOH
Cars160_png.rf.e54123639e3912233e6a70e4162c0026.jpg.jpg, TQIpLATE COH
Cars162_png.rf.ca3724f15f8cb1613762ff898b103c73.jpg.jpg, no text detected or image has no text
Cars163_png.rf.97c5c1830bfb333ba911c8bd5e41efd2.jpg.jpg, R33 TEE
Cars163_png.rf.c5bb70da770695a1d36811c1c58818f0.jpg.jpg, R33 TEE
Cars164_png.rf.4bd461cf7f91f6264f7810905e6ad5a6.jpg.jpg, GT
Cars164_png.rf.cb311d2b932455f4279a0d2b08b1f458.jpg.jpg, GT
Cars168_png.rf.4eebd87f05401b169147676f6b63f8a0.jpg.jpg, no text detected or image has no text
Cars168_png.rf.fa078bfa28d4a9b198c32fa0f2b8d39c.jpg.jpg, no text detected or image has no text
Cars16_png.rf.1f884e6b6b3ad3630fad7fe766afb96a.jpg.jpg, no text detected or image has no text
Cars16_png.rf.ed3b5fde8da179e6740a99ce8b04b465.jpg.jpg, no text detected or image has no text
Cars170_png.rf.2431047f4178f0db4a36446abf794026.jpg.jpg, no text detected or image has no text
Cars170_png.rf.7308a840c0a9aa542cb76cc102a92b8d.jpg.jpg, no text detected or image has no text
Cars172_png.rf.a2924b3ef0eadbacb803df52cbed5d44.jpg.jpg, YFC
Cars172_png.rf.e9c420b32aee3e8484ce2d44400f28dc.jpg.jpg, #FC
Cars173_png.rf.93e451e8501fbe8fad5d10cb712f11f4.jpg.jpg, nG
Cars173_png.rf.a3c1093430c7c8a215315bba7cb0af05.jpg.jpg, nAGY
Cars174_png.rf.14a8186310beb6e456c16891fead33ae.jpg.jpg, no text detected or image has no text
Cars174_png.rf.a063f25e390ec247c00d081ff1e49767.jpg.jpg, no text detected or image has no text
Cars177_png.rf.881adfcdca13e15a8c94b1c0c8fd8776.jpg.jpg, GOOD
Cars177_png.rf.96afcc6f8cc406f8a012c65f53c12adf.jpg.jpg, GOOD
Cars178_png.rf.0c589961c18c9c2daf3ee3e3d3de9f3c.jpg.jpg, no text detected or image has no text
Cars178_png.rf.b02ff7e0d0d2a3617981bb6597164346.jpg.jpg, 522*927
Cars179_png.rf.3cf05d9c5a79a74eba0bf20857e74730.jpg.jpg, 4SzW590 |
Cars179_png.rf.8ac3f305d20e0ce292684c09df55dc07.jpg.jpg, 4SZ1590
Cars17_png.rf.6880b99f1980e8913b67f8b353a2bf5d.jpg.jpg, SX213
Cars17_png.rf.eba085f19c71fa3948bb97586365759e.jpg.jpg, no text detected or image has no text
Cars181_png.rf.3d7d7772e0090845bc3ef3305d1182c5.jpg.jpg, no text detected or image has no text
Cars181_png.rf.77c2452d06ca9c517de3cc24cd89aeb2.jpg.jpg, Jmd
Cars182_png.rf.668cd796fa57d550bde623f1fa9d3007.jpg.jpg, VI2 LAF
Cars182_png.rf.ee561ff473c00b55a423c66e8acc1e52.jpg.jpg, VI2LAF
Cars183_png.rf.9f78621f2bdfe72ba14cc1ee1ca585a5.jpg.jpg, BRIT 0001
Cars183_png.rf.c9dda75b4673abd73a508de7121b1260.jpg.jpg, BRIT 0001
Cars184_png.rf.9dd4138967879a39a3a67026e202a5d5.jpg.jpg, no text detected or image has no text
Cars184_png.rf.aa6ad6db36c95c55d10530eda8964378.jpg.jpg, no text detected or image has no text
Cars185_png.rf.7350c3299c6429de741ef507ce6f23ba.jpg.jpg, Iez BO6Aal
Cars185_png.rf.add6bc98d7ecc01ff0553affc7595b9d.jpg.jpg, Iez BO64@7
Cars186_png.rf.b9fae897fd01211107b6beeae9a70cb3.jpg.jpg, 26 SPE 4
Cars186_png.rf.eef3400fa572046b08f1a889af9cba49.jpg.jpg, 26 SPE4
Cars190_png.rf.42bc76269358b5a21f0317713eadf06e.jpg.jpg, KL54 4 2670
Cars190_png.rf.a6bce7c6917686ab14ebc9a8745c3c08.jpg.jpg, KL54 42670
Cars191_png.rf.0a82dbb3f987f9d461e6591f9d120c67.jpg.jpg, XA 03 AB
Cars191_png.rf.bff563dd4e410c6ab764f85a179cf14d.jpg.jpg, XA 03 AB
Cars192_png.rf.6b01db69fed9fe670e5df5b68f9acc8b.jpg.jpg, EA GLE
Cars192_png.rf.cf926bb714b580ea55373d0f9acdcd21.jpg.jpg, E4 GLE
Cars193_png.rf.bea54491f84fa3aa1d363d83caf64076.jpg.jpg, no text detected or image has no text
Cars193_png.rf.f869155cdedd6bfaf07ab4768652ced5.jpg.jpg, 6091
Cars194_png.rf.2eca31b43455b14f7d041bd5a05aa12a.jpg.jpg, no text detected or image has no text
Cars194_png.rf.b864bb3e8d24820bfe9973f06a36019e.jpg.jpg, no text detected or image has no text
Cars196_png.rf.2e8e8c4df205874d9829f8baa681c9a8.jpg.jpg, no text detected or image has no text
Cars196_png.rf.b6514ab2edd556148e2cc7d1cd10bbd9.jpg.jpg, no text detected or image has no text
Cars19_png.rf.3f44b377b9ae6acc0b86aa15ec4da934.jpg.jpg, no text detected or image has no text
Cars19_png.rf.5a85a4d3de9867a1ddf3ed5e9896bb6a.jpg.jpg, AFR 2011
Cars202_png.rf.24e3637fe962522dae8861a826059531.jpg.jpg, KWID
Cars202_png.rf.5157f3a830a30eb6e7a984e0822e08fd.jpg.jpg, KWID
Cars205_png.rf.374da97e330a875cf8bbf20ef30bc859.jpg.jpg, (noiacop
Cars205_png.rf.c41d190a149b7cf64e119916a167a507.jpg.jpg, (notacop]
Cars207_png.rf.366e88ecf9d2a8bae7d2e1c725d15043.jpg.jpg, K917cR
Cars207_png.rf.d0ffc4541885af09f7d0b419788ea931.jpg.jpg, Kelz@r
Cars208_png.rf.0f0af321b90e70d52f474ccaeade381d.jpg.jpg, V-8
Cars208_png.rf.6bd52d229541facdd943f4f54f57814d.jpg.jpg, V-8
Cars212_png.rf.c596d6a0196fa167006f817b2ed9e2fa.jpg.jpg, KL 65 H4383
Cars212_png.rf.cacfd97ac2de658dc286c1aa35d4801f.jpg.jpg, L85 H4383
Cars213_png.rf.7089d7cc50f8ed30c81c6a53218fc60b.jpg.jpg, DId
Cars213_png.rf.d7787bcd57d0f629278e5cb73e63a978.jpg.jpg, DID
Cars214_png.rf.309cfd492fb4a165ca6d723f8f96f9bf.jpg.jpg, no text detected or image has no text
Cars214_png.rf.db293fa925a078cb138b111eb6242d8d.jpg.jpg, no text detected or image has no text
Cars21_png.rf.31fd58657be5e051e528746815e6c981.jpg.jpg, FRO
Cars21_png.rf.df3560f72d5c81dec8641879aa0abdca.jpg.jpg, IRO
Cars220_png.rf.98cf9504be1028f202bd16a1565b7291.jpg.jpg, no text detected or image has no text
Cars220_png.rf.ae3a7b7c0bdd3e3606350a84ac716fa2.jpg.jpg, D[S5545
Cars221_png.rf.685b3bdc12528434161ecc3ed644e2bf.jpg.jpg, no text detected or image has no text
Cars221_png.rf.d57119e9d4942b61ac0ee45149308587.jpg.jpg, no text detected or image has no text
Cars224_png.rf.932d259cda4397d937b89787086d8ff7.jpg.jpg, no text detected or image has no text
Cars224_png.rf.cf5b58471fb3e3c3efa57b618c5897d0.jpg.jpg, no text detected or image has no text
Cars226_png.rf.33cd2a99a0ec5abf03f54a2cebba4c7a.jpg.jpg, [5 452J
Cars226_png.rf.ad767e4bfb0ef2294737b1a40286dfd1.jpg.jpg, [5 452J
Cars227_png.rf.02bfc7a8c0859a982aa3fdc6780b61be.jpg.jpg, no text detected or image has no text
Cars227_png.rf.2af8928d01823c762f9349a1f9fd6ab8.jpg.jpg, no text detected or image has no text
Cars228_png.rf.78351eac47a8675bb5b3a1cee1a8276f.jpg.jpg, no text detected or image has no text
Cars228_png.rf.bb8880869f00d717d3f4868033ddef5a.jpg.jpg, no text detected or image has no text
Cars232_png.rf.01329ce8f4030bd98a014536cd9e6073.jpg.jpg, no text detected or image has no text
Cars232_png.rf.0d6ce5f04225dfe2b2c099ec713a9c81.jpg.jpg, no text detected or image has no text
Cars233_png.rf.49c2cd51ec1b968b2f9b737d3c83d717.jpg.jpg, Wutuut
Cars233_png.rf.ffaf03501d02b2d97bdcc0008822905c.jpg.jpg, Vplo Lqinut
Cars234_png.rf.01a461463747e1a1eaa9dffc8088a941.jpg.jpg, Imau 555
Cars234_png.rf.ed88b2f5abb44bbebb5eac7ec67cc877.jpg.jpg, IMau 555
Cars235_png.rf.3d0e98ea5bec54cc88a47840a0186550.jpg.jpg, "6J03JLO 126
Cars235_png.rf.d3018934713d6b5fb5552ac19e0efa36.jpg.jpg, "6J03JLO126
Cars236_png.rf.7328ed64fd3590b75a92377ca79c0162.jpg.jpg, no text detected or image has no text
Cars236_png.rf.b2ed4cb9118763fc363458e8b6814094.jpg.jpg, no text detected or image has no text
Cars237_png.rf.76109f053dcd0c506c7ac917533dcde1.jpg.jpg, FIly
Cars237_png.rf.8b247a462e304a84ea66b54e578c932d.jpg.jpg, no text detected or image has no text
Cars23_png.rf.0bb38574cde8d9aaa7ff7ff7f5966974.jpg.jpg, SEa
Cars23_png.rf.bfdafad162f8fd6e1f6c00526525135d.jpg.jpg, 9214
Cars240_png.rf.66b9a7f80dbe64e10ba984aa5efa4741.jpg.jpg, cd_ar
Cars240_png.rf.82c0d7924e30eaf0cb213547ac5bf6a9.jpg.jpg, no text detected or image has no text
Cars241_png.rf.0c2f8aea6e13b07d989d214035b57d4e.jpg.jpg, '3SAM1z:
Cars241_png.rf.20faa6b9c7726b417811748fe583b283.jpg.jpg, 3SAM1z 3
Cars243_png.rf.2360a1fbf01587140671de2171744ad2.jpg.jpg, KA:03.MG
Cars243_png.rf.56e7048a83337c6a237aa5315b24a426.jpg.jpg, Ka:03-MG
Cars246_png.rf.2aea515859394eb4be84de81a8d887a9.jpg.jpg, Te
Cars246_png.rf.530fc36c3be3328094e6721e43e537e3.jpg.jpg, no text detected or image has no text
Cars251_png.rf.397bf4bccfb8ce280ac85b44c5a46b9b.jpg.jpg, Hnq
Cars251_png.rf.9dc2a7a5b69c14addc22f16bb5793889.jpg.jpg, 49e2 FKL
Cars252_png.rf.1606ed04050053e71388b5e0c80f5db2.jpg.jpg, DAN 54P
Cars252_png.rf.9813a691726b2ce6f581888484aeb061.jpg.jpg, DAM54P
Cars253_png.rf.16d9bdedecb11e42cf052295bee36240.jpg.jpg, no text detected or image has no text
Cars253_png.rf.dc2f3a46fc0294369f210b2cd809b328.jpg.jpg, no text detected or image has no text
Cars255_png.rf.7c078c352a177f8995a7daa968761bc7.jpg.jpg, MH 20EJ 036 _=
Cars255_png.rf.f2aa16ee776c2ce722a1783596e2d830.jpg.jpg, MH 20EJ 036=
Cars256_png.rf.6659c2c57f5d9d47261601203d1b40f0.jpg.jpg, LB
Cars256_png.rf.b1337151672c66b46d6e496f46d4dbc6.jpg.jpg, YD63 LB
Cars25_png.rf.6653a5cf6849631c4306b9e9deced237.jpg.jpg, no text detected or image has no text
Cars25_png.rf.f471590535e22730233351e32cef5c64.jpg.jpg, no text detected or image has no text
Cars260_png.rf.6eddb868608456208ddf882a45d9c0c7.jpg.jpg, SScump]
Cars260_png.rf.8d84021dd7d7495e4225b4f3e1505135.jpg.jpg, Scump
Cars262_png.rf.ca79ae4da1156a42d123733cbcfb37e0.jpg.jpg, no text detected or image has no text
Cars262_png.rf.fcbb94e2c99371fe974290471c7672f9.jpg.jpg, no text detected or image has no text
Cars263_png.rf.8c18c290c30164372ee0b0feb0b28ca4.jpg.jpg, H02 CB 45457
Cars263_png.rf.e7491f3203a506038dbcf3e03dff8d93.jpg.jpg, H02
Cars264_png.rf.c5e46a65fec9c6db8fea2548b129adf9.jpg.jpg, FFAMU 2070
Cars264_png.rf.d1990720f7dab6c27f3c6c2c1b7bfc74.jpg.jpg, no text detected or image has no text
Cars265_png.rf.aa0ddb89bc108fe91f7b42a0f3693e00.jpg.jpg, 771275
Cars265_png.rf.ff368c98b1df33ca78e498e41edf98ed.jpg.jpg, 771275
Cars267_png.rf.1fb6047377834670c9ae7f6c8e3b5cca.jpg.jpg, no text detected or image has no text
Cars267_png.rf.dabc7c4fb418bf72f036bb47e191d30f.jpg.jpg, Qr 7222
Cars268_png.rf.af5e2d2074d58b20c4e4be673f81ac09.jpg.jpg, LuuS
Cars271_png.rf.b16c9163d452a10bddd610935bd4001b.jpg.jpg, Ves b055
Cars271_png.rf.d53761e140a574f1a2ea96596aee74f8.jpg.jpg, no text detected or image has no text
Cars275_png.rf.0e1f1c7d02c0e5bc07139f67c5e3b2f9.jpg.jpg, Bhimar
Cars275_png.rf.98f5c6cc8baf856bfc96d109a882cded.jpg.jpg, Bhimar
Cars280_png.rf.582c4f4f449d27c24413675522b86bc6.jpg.jpg, no text detected or image has no text
Cars286_png.rf.03f40985a2f9643b08e98f1d481eac30.jpg.jpg, MIDLYPH
Cars286_png.rf.2662f209d54094674d9fd3a0d2ec694f.jpg.jpg, MIDLYPH
Cars290_png.rf.806dc6ae134c85d9d4a1d0f4fb38eee0.jpg.jpg, no text detected or image has no text
Cars290_png.rf.87461ad8468455fc78f4e27cad81b5ac.jpg.jpg, no text detected or image has no text
Cars291_png.rf.56412f2788e3a9c5c9476d481e221ed3.jpg.jpg, 4024 6374
Cars291_png.rf.69a8314e2a78299f480d3727a79fb47d.jpg.jpg, 74-02[ 637
Cars292_png.rf.7dcbda789711a3cb171791e03668cbae.jpg.jpg, no text detected or image has no text
Cars292_png.rf.d972d916e132da274c6caac1316879ab.jpg.jpg, no text detected or image has no text
Cars294_png.rf.71e938b2ee85d75723b55ec34d3d248d.jpg.jpg, 01 CC IA O001 
Cars294_png.rf.771cd329dce68c2691a4cef47b8f8ca7.jpg.jpg, 01 CC IA O001 
Cars295_png.rf.5eef53bb359356d8a773e7d7123c116d.jpg.jpg, no text detected or image has no text
Cars295_png.rf.702971e75ddd0cf2841479d7e464407b.jpg.jpg, no text detected or image has no text
Cars298_png.rf.16c7340b3fe67231641e3f5d53f5a596.jpg.jpg, LAMBO
Cars298_png.rf.469b80060f38dcca3d35267cf57e7d14.jpg.jpg, LAMBO
Cars299_png.rf.c17fd1a58dbaf4cbc941970c7918e507.jpg.jpg, DN7484L
Cars299_png.rf.e7f853f313f66c80b6b42d2602dd3fbd.jpg.jpg, DN7484U
Cars301_png.rf.1dbcd67f2ae9610db926332d4c382f83.jpg.jpg, g526 JHD
Cars301_png.rf.5fc2823c5be9eb9fdc8cded5c284abb2.jpg.jpg, 6526 JHD
Cars302_png.rf.86ade10f736e364591b84b3c1b4b5aa1.jpg.jpg, KL 01 CC 50
Cars302_png.rf.eadc8f62e033dbfca1146daa4e840def.jpg.jpg, KL 01 CC 50 _
Cars304_png.rf.6fa18419747a11e0ea97cbd3f2b1d009.jpg.jpg, no text detected or image has no text
Cars304_png.rf.f9741cb9fb5f5327d17587390d2f75be.jpg.jpg, hch
Cars306_png.rf.14cead511407c2e3cf4686d783e950f6.jpg.jpg, LAWYER
Cars306_png.rf.441310b798be0108cb4382956e2d52aa.jpg.jpg, LAWYER
Cars307_png.rf.9f24422b20f4fc6e60351c8bf2516b73.jpg.jpg, 490 60 90 K
Cars310_png.rf.34eff52fc263b3ab548e47c3d2031c18.jpg.jpg, LGET OIL
Cars310_png.rf.fe89ecccce7c58d50d75b20cd08b7084.jpg.jpg, LGET QIL
Cars311_png.rf.79f1133a41b292776ef279dca6f43fa1.jpg.jpg, no text detected or image has no text
Cars311_png.rf.bb60d6815722199cdc353a0c733716c0.jpg.jpg, no text detected or image has no text
Cars316_png.rf.3e6b3743b8f5c240bf64b8317df47e5f.jpg.jpg, no text detected or image has no text
Cars316_png.rf.8616ed87ee516703e5a7be1875fca613.jpg.jpg, no text detected or image has no text
Cars319_png.rf.8af39e4c2e0a913915f98b0737045108.jpg.jpg, FalCYOU
Cars319_png.rf.b04564aa3773a43abfaedb3ef3f35aa0.jpg.jpg, fAlLYOU
Cars321_png.rf.07a56d0f55d3be6b95fd75db755a6cb9.jpg.jpg, no text detected or image has no text
Cars321_png.rf.4731588701efbe2874dd8ea19a5e2b2b.jpg.jpg, Motgiq
Cars322_png.rf.5d148de7841e54dd51bfc099a71a7ef2.jpg.jpg, Qoov
Cars322_png.rf.f8d415b12ad8022cda7c7efe6c75a00d.jpg.jpg, 7o0[
Cars325_png.rf.0ec5e3eabda18f509ea5f23b55ad0b79.jpg.jpg, no text detected or image has no text
Cars325_png.rf.a10076b9227547b79e2a9d4f343042c6.jpg.jpg, no text detected or image has no text
Cars331_png.rf.410d3bdf7037bf3fcada52bd39ff8ea5.jpg.jpg, no text detected or image has no text
Cars331_png.rf.fac8afc0d3ff8f49d6063d04a403d9e4.jpg.jpg, no text detected or image has no text
Cars340_png.rf.17f3bfaefff1ae6bc15b7cc4bdeddf23.jpg.jpg, LS FuL
Cars340_png.rf.1f03cfb14ba1e026823ab725edbecbbf.jpg.jpg, [F
Cars343_png.rf.13d4f9a4243b4bdade4d10c9df04dec3.jpg.jpg, no text detected or image has no text
Cars343_png.rf.42ecaa0991bfc8acbc976039d275e2d9.jpg.jpg, no text detected or image has no text
Cars347_png.rf.185d46b7c3320014e58fe53fedb1bc59.jpg.jpg, no text detected or image has no text
Cars347_png.rf.9955a78b6b4f76851bb689310ddeab91.jpg.jpg, no text detected or image has no text
Cars350_png.rf.272f13545245429d73c68cf8ff2d6da6.jpg.jpg, no text detected or image has no text
Cars350_png.rf.f71fdba6bbcba6097405ae60bedf1714.jpg.jpg, no text detected or image has no text
Cars351_png.rf.2b8c9b9d91eb90b05e9edef7414e7280.jpg.jpg, 'TEXAS
Cars351_png.rf.b3ce3da685bae843327adeb541c8e36f.jpg.jpg, TeXAS
Cars352_png.rf.de755ed189298fad40879d1ed0c45ad1.jpg.jpg, no text detected or image has no text
Cars352_png.rf.e5e4eb660bcb907881fcc39b7d6301c9.jpg.jpg, no text detected or image has no text
Cars354_png.rf.102a9df4c9923a9f230c1c37462171f2.jpg.jpg, no text detected or image has no text
Cars354_png.rf.2af63904a69d93d93f75d4781193c00b.jpg.jpg, no text detected or image has no text
Cars356_png.rf.35fbe743f89ef25bb11caa0621a6711e.jpg.jpg, bnKandiito
Cars356_png.rf.e789c9a7a407ea5de4d55f004f07c71d.jpg.jpg, s2 Handiito
Cars358_png.rf.4ba129205c75bc93e735b3ff61a0fd05.jpg.jpg, P262 FDX
Cars358_png.rf.c46b06cf93984f560cfded6bc004bc76.jpg.jpg, P262 FDX
Cars359_png.rf.625838a40e103b50bddc8a15acd583b8.jpg.jpg, no text detected or image has no text
Cars359_png.rf.d69aa2109bcaede5b1f1cfc0120a6b82.jpg.jpg, no text detected or image has no text
Cars360_png.rf.06d5ac640838894299daa4f2a55b4af3.jpg.jpg, no text detected or image has no text
Cars360_png.rf.ac349f597b4910580c7de0ec7dd8a0ef.jpg.jpg, no text detected or image has no text
Cars362_png.rf.0fe6b26561eee4543bd340ce5c870148.jpg.jpg, [691
Cars362_png.rf.fdf701c2a7ea2c65cc6c0aeebca950d9.jpg.jpg, no text detected or image has no text
Cars365_png.rf.be44dd99cc3de42d4758aff2e8d2db4c.jpg.jpg, TM 21 BZ 0768]
Cars365_png.rf.c9b9bb4f16b74e205faf03cec22b1295.jpg.jpg, In21 BZ 0768
Cars371_png.rf.09a272af2a064e4eac2f6e91faa9cfe7.jpg.jpg, 222
Cars371_png.rf.63a379743f5c4db45b6ce03d24e66a95.jpg.jpg, no text detected or image has no text
Cars372_png.rf.48768dacd53cc8d79abe937423f410cc.jpg.jpg, HRZGCE 1485
Cars372_png.rf.f5fe19db2e12a0b42f8aca48abd48a13.jpg.jpg, HRZGCE 1485
Cars373_png.rf.83871cfb9402ce13f1233b3aed22d83e.jpg.jpg, TN 218C6225
Cars373_png.rf.92962e63df844c301ae935d7f8344cf9.jpg.jpg, TN 218C 6225
Cars375_png.rf.0259031d1bb8ab0454adddfe0337c6a5.jpg.jpg, Canmel & Dave
Cars375_png.rf.85d5eabf1af82ccfb8afa96045c5557e.jpg.jpg, Canmel & Dave
Cars379_png.rf.bde115401f2a74b0fa70f3df3db677d1.jpg.jpg, nhil
Cars379_png.rf.e3ec4ed2b66e6bd5f87e439fd162f58c.jpg.jpg, KhIL
Cars37_png.rf.08683a920e1e730f83bf51a7a44f2d23.jpg.jpg, FAST
Cars37_png.rf.4c93289d00b6c2bf86b16c2d9086dd14.jpg.jpg, FAST
Cars380_png.rf.637b6cadf6a329c50ef6c30a045bfc57.jpg.jpg, no text detected or image has no text
Cars380_png.rf.b849600062e0121685f1d2345b6fc556.jpg.jpg, no text detected or image has no text
Cars381_png.rf.2194b6aa03d70b786799980c6dbbd1f2.jpg.jpg, 6an20 895631
Cars381_png.rf.bf5d0a7ee6abe83428f8949a4c9c87f1.jpg.jpg, 120.89563
Cars382_png.rf.665c72fa9b4ceee1326654f5f04862ee.jpg.jpg, CRAIG
Cars382_png.rf.9556071fd0775f72ef6ea9d577d74375.jpg.jpg, CRAIG
Cars383_png.rf.63e6d465adda73fc36b2938367745c8c.jpg.jpg, no text detected or image has no text
Cars383_png.rf.6dff4ef430bf2696bc93f7c7892e641d.jpg.jpg, no text detected or image has no text
Cars384_png.rf.146e09c5c41dcfce5ad348ba5b02cfc3.jpg.jpg, lj
Cars384_png.rf.73c4069af0ca0ef2be96c5ddd945f923.jpg.jpg, ToX 103
Cars386_png.rf.36722df76a663d1e310695d053e22d97.jpg.jpg, AB 44887
Cars386_png.rf.98f63ab574b54df9d7d64728daee3a24.jpg.jpg, AB 44887
Cars387_png.rf.a59de553fd6c68307b6231a7812ae4b7.jpg.jpg, HR26 4Z 5927
Cars387_png.rf.efa2ceaa13d1690f62ef7d54412f9ec7.jpg.jpg, HR26 4Z 5927
Cars388_png.rf.34cc24e680fcecb25e23876642cd54c5.jpg.jpg, 0MR
Cars388_png.rf.e6de318f471f15ec1054d8380534aa6f.jpg.jpg, #M
Cars38_png.rf.a6fa887d5cb2f72f13a17966330b54a8.jpg.jpg, ok at her butt
Cars38_png.rf.d9b8447caf0d9bbfba039a069dd81443.jpg.jpg, ok at her butt
Cars391_png.rf.55d6cf8371fe044ff9bfb99d36dd6b12.jpg.jpg, BKHL
Cars391_png.rf.68930811ec0aa51f8f9093cf156f904b.jpg.jpg, Fbxhl
Cars392_png.rf.335ce1aa445991ba68646c7c16ed8b01.jpg.jpg, FLOKLLc4
Cars392_png.rf.4522d84f30342e1eb92cb963b4609201.jpg.jpg, AFLORILCA
Cars394_png.rf.162a575cb6c5dd32ca8795544c0d398c.jpg.jpg, Mh i2 Mr 0gi]
Cars394_png.rf.900dc82dd99191549904535ad629fb93.jpg.jpg, Mh i2 Mr Ogi]
Cars39_png.rf.76c0db11139cb85aa7f70c67e9188977.jpg.jpg, HH15BD8877
Cars39_png.rf.a8fe879611758335102798b5e870522a.jpg.jpg, HH15BD8877
Cars403_png.rf.41d00c51b4cf372bcd6f7bf7ab48905d.jpg.jpg, no text detected or image has no text
Cars403_png.rf.4277597c7c7e4d5ea9d45bd81bd47aa4.jpg.jpg, no text detected or image has no text
Cars404_png.rf.0d078b82301cda3d01e7862dddcf2d52.jpg.jpg, BMM
Cars404_png.rf.86d944f7bbc721c93b8cf8bdc756a163.jpg.jpg, BHE
Cars405_png.rf.38ddfe734d4414d070e51abeb17608ef.jpg.jpg, Kllc.3orz
Cars405_png.rf.5dcee062dac6d9d5547f8e7a6eb9f67f.jpg.jpg, no text detected or image has no text
Cars407_png.rf.11b5878e2766d195f4e5d3ffad5a725c.jpg.jpg, no text detected or image has no text
Cars407_png.rf.6406176f0b320ddd8c184b25b9d5c74d.jpg.jpg, no text detected or image has no text
Cars408_png.rf.06d3f383a3e6cc3c9af232c6b7b5f25a.jpg.jpg, no text detected or image has no text
Cars408_png.rf.0b0377aeb47b85d57bcc876b961e6adb.jpg.jpg, no text detected or image has no text
Cars411_png.rf.07e1281e073844ed408fb952db6444d2.jpg.jpg, VIPER
Cars411_png.rf.41faf919f19570b5c11fca47a973072c.jpg.jpg, VIPER
Cars413_png.rf.e24ea017f5207dcd3236bdaba35972c6.jpg.jpg, no text detected or image has no text
Cars413_png.rf.e2cfda03f01ae823802fba49b38cb612.jpg.jpg, no text detected or image has no text
Cars414_png.rf.4e2f77556d487d89d0f2786399189e98.jpg.jpg, no text detected or image has no text
Cars414_png.rf.8ed2a75d5bcb5314b6d57b14923d5401.jpg.jpg, no text detected or image has no text
Cars416_png.rf.02fedae1898eebbcabb0f4c4d6335648.jpg.jpg, 0172
Cars416_png.rf.ef79605b623ca40cc0616fd4fd31fce1.jpg.jpg, 1172
Cars417_png.rf.5e77e5ce19008e8e8d5c3ab848d1aedd.jpg.jpg, BAD 23
Cars417_png.rf.c3d67729574ee000d7119947cca9bdbb.jpg.jpg, BAD 23_
Cars41_png.rf.8f737d57649dad20c3b979f0aca6a647.jpg.jpg, intzdbe
Cars41_png.rf.a3331246e70a4233d96301a744d1dcf1.jpg.jpg, (intzdbg 
Cars421_png.rf.a5a1ae03113930aaad57312c4880cde7.jpg.jpg, no text detected or image has no text
Cars421_png.rf.bab4073ef64cc8bab42fd13692a91c99.jpg.jpg, no text detected or image has no text
Cars422_png.rf.4d183cdfc9221a2046973d5474f9049a.jpg.jpg, HZOEE T
Cars422_png.rf.efbbc5151e9a0c3ac8ec58994a2ba1ef.jpg.jpg, NhZOEE T
Cars423_png.rf.48bb5e6dda98f9d91bd0eae55cd963d4.jpg.jpg, P3RV P
Cars423_png.rf.56460e598fd3d009859ffe86316b3263.jpg.jpg, P3RV
Cars427_png.rf.0d392bca137bac66c8b5aaa5c07f03a8.jpg.jpg, 01 Cc Ia Q001
Cars427_png.rf.2f55458cf27b0efd03934d29f90007f5.jpg.jpg, 01 Cc Ia Q001 
Cars429_png.rf.5e255588acb998e673fb852f49ed0404.jpg.jpg, KAISER
Cars429_png.rf.66571a4ecd603dd737d674dceb2fd2d8.jpg.jpg, KAISER
Cars430_png.rf.33748b401cd6e09c40eaf7c4cc95b984.jpg.jpg, BCG286
Cars430_png.rf.73ae49beea56b98c6d6daf514252c822.jpg.jpg, BCG 986
Cars45_png.rf.1c2df3ace16ec5ebd93e644036ea95d0.jpg.jpg, HiNgrOOT|
Cars45_png.rf.99a5467848cc90dd776552ab0f60a83d.jpg.jpg, Iihgrodj}
Cars53_png.rf.b4da92a2cb33b495bde1f8020808c752.jpg.jpg, chio OSE
Cars53_png.rf.c33027fe5f36a6242375a824f70460c8.jpg.jpg, chio OSE
Cars54_png.rf.3efd77112f450898391d05751664a769.jpg.jpg, LTM 378
Cars54_png.rf.954b5fc438dc63a4387acfadb9586ee2.jpg.jpg, LT 378
Cars59_png.rf.1b79bd31eae8c682f5b08346e591cc6f.jpg.jpg, no text detected or image has no text
Cars59_png.rf.aee9d8224e716356685188e4d67b7675.jpg.jpg, MA &
Cars5_png.rf.384fd4c1864fa0326b5e1bfeef08ffe4.jpg.jpg, no text detected or image has no text
Cars5_png.rf.3cf3fe03b1e118f5c1d10ccd82fae1f3.jpg.jpg, no text detected or image has no text
Cars60_png.rf.25651e083d018f170efa86fcbf79a598.jpg.jpg, OS
Cars60_png.rf.fb7f68ec4d1e08cf19146167e6e8e973.jpg.jpg, 0S
Cars64_png.rf.0e5ae7275f40f8fd32fdcd4d09170c5a.jpg.jpg, TAXI
Cars64_png.rf.b38bc42d196c68d9e5f5c1cb77e19387.jpg.jpg, TAXI
Cars65_png.rf.2f3af967bf5d259cfe26f58bf55f53b3.jpg.jpg, Ior INNIE
Cars65_png.rf.caddc7d14dd8f7dc76787dc3ccb9a674.jpg.jpg, Ior
Cars67_png.rf.cdd8468be6d7238b042b95fe0a524070.jpg.jpg, MAna BN 707
Cars67_png.rf.eadcee040eeafaa170f88d6781f31af2.jpg.jpg, MA7a BN 707
Cars70_png.rf.be1aa2bad355ca47dd43d4d9b699a0ea.jpg.jpg, no text detected or image has no text
Cars70_png.rf.e9c71feb5986ba096a88e8dd843e0447.jpg.jpg, no text detected or image has no text
Cars77_png.rf.2d7c6bb1711bd2985f5f558861aa4ed8.jpg.jpg, HR 26CU6799
Cars77_png.rf.44df23d521ec0786df19490e5da4c1fa.jpg.jpg, IR 26CU6799
Cars7_png.rf.bb4a274d7ae894aa569673cd38ba5fd6.jpg.jpg, YSY 213
Cars7_png.rf.f97ce27acad576ae97d2416c3eebabf3.jpg.jpg, no text detected or image has no text
Cars81_png.rf.1d3107e1cf16b1bcaba066c0013f6b42.jpg.jpg, no text detected or image has no text
Cars81_png.rf.7c246ca33a2f2dbfa1c1577dedeca8aa.jpg.jpg, no text detected or image has no text
Cars83_png.rf.bddc7e10fe76a33c04288f75e2208573.jpg.jpg, elf-driving car
Cars83_png.rf.de1fe0c91404e9f6f97135d6584f9678.jpg.jpg, elf-driving cal
Cars85_png.rf.4b0012739bcadffc9dcec24ab788bc63.jpg.jpg, no text detected or image has no text
Cars85_png.rf.cab04f309241ae528040d2fea811e628.jpg.jpg, no text detected or image has no text
Cars87_png.rf.0067595a2d88be2d01af6b1797497b4b.jpg.jpg, no text detected or image has no text
Cars87_png.rf.b9a8a1d2b2d8f3a7fb6793834f865924.jpg.jpg, no text detected or image has no text
Cars88_png.rf.ba4e9b35f8f8d8b97646e4a2afc698c1.jpg.jpg, no text detected or image has no text
Cars88_png.rf.c69c6cd5a3857ff732209fa7fd1096fc.jpg.jpg, no text detected or image has no text
Cars98_png.rf.0278b25ca2924851fd8b10fa60a7522c.jpg.jpg, YHRRY
Cars98_png.rf.e39322f53f7d086e0aba3ea53fc5aacc.jpg.jpg, YIRRY
